{
  "__JSON__": true,
  "AUTHOR": "Maher Zubair",
  "theme": "Friday",
  "LANGUAGE": "English",
  "LANGCODE": "en",
  "STRINGS": {
      "updater": { 
          "UPDATE": "*_Your bot is Already up-to-date_*",
          "NEW_UPDATE": "*it's time to update the bot!*\n*Changes:*\n",
          "UPDATED_LOCAL": "*Updated Successfully !*"
      },
      "global": {
          "botName": " SIGMA-MD",
          "body": "whatsapp Bot",
          "greet2" : "Thanks To Maher Zubair",
          "pic1": "https://img-9gag-fun.9cache.com/photo/aer54jB_460s.jpg",
          "pic2": "https://upload.wikimedia.org/wikipedia/en/thumb/4/40/F.R.I.D.A.Y._%28Marvel_Comics%29.jpg/220px-F.R.I.D.A.Y._%28Marvel_Comics%29.jpg",
          "pic3": "https://encrypted-tbn0.gstatic.com/images?q=tbn:ANd9GcQzsKin3X6hrUWGOpEIPXq0ToMwf6ONIpSGvsOoRHsa5EcvbdGcgO1zM6hv-D8e5gqQLdo&usqp=CAU",
          "pic4": "https://img.indiefolio.com//filters:format(webp):fill(transparent)/project/thumb/6d9ac7b0d8a51de29dae9ec0c381fbc3.jpg",
          "pic5": "https://telegramchannels.me/storage/media-logo/2008/fridaysupportofficial.jpg",
          "pic6": "https://static.wikia.nocookie.net/marvelcinematicuniverse/images/b/bc/4k-capcivil-movie-screencaps.com-17122.jpg/revision/latest?cb=20210513001406",
          "pic7": "https://media.wired.co.uk/photos/606db957c99f3d4d31739e74/16:9/w_1360,h_765,c_limit/ed86af6ae5769fb3c72f82c959f0d422.png",
          "pic8": "https://telegramchannels.me/storage/media-logo/2008/fridaysupportofficial.jpg",
          "pic9": "https://static.wikia.nocookie.net/marvelcinematicuniverse/images/b/bc/4k-capcivil-movie-screencaps.com-17122.jpg/revision/latest?cb=20210513001406",
          "pic10": "https://media.wired.co.uk/photos/606db957c99f3d4d31739e74/16:9/w_1360,h_765,c_limit/ed86af6ae5769fb3c72f82c959f0d422.png",

          "greet" : "Believe it",
          "dotbody" : "I decided being to be King.",
          "emojii" : "👑",
          "promote": "Admin Role Given to Zubi",
          "pmallow": "*Hi,This is Maher Zubair\n You have been blocked for spamming.",
          "pmwarn": "Hi* \nPlease don't spam else I'll block you for spamming.\nJoin Support Group:\n https://chat.whatsapp.com/JM1yBMlveulDrAN22jHcWV\n*⤹★ᴘᴏᴡᴇʀᴇᴅ ʙʏ★⤸ sɪɢᴍᴀ ᴹᴰ*",
          "permited": "Hi\n\nNow You are permitted by my owner to pm now.\n*⤹★ᴘᴏᴡᴇʀᴇᴅ ʙʏ★⤸ sɪɢᴍᴀ ᴹᴰ*", 
          "revoked" : "*Hi*\nYour pm permit permission has been revoked now.\n*⤹★ᴘᴏᴡᴇʀᴇᴅ ʙʏ★⤸ sɪɢᴍᴀ ᴹᴰ*",
          "demote": "Admin Role Taken back",
          "antlink": "Link Detected.\n*_Good Bye IDiot_*",
          "session": "*This is your session.json,keep it safe*\n*_Now Upload This json file in Your Forked Repo_*\n Connect your repo to Heroku and *Deploy Branch* and Bot will run for Always\n\n*⤹★ᴘᴏᴡᴇʀᴇᴅ ʙʏ★⤸ sɪɢᴍᴀ ᴹᴰ*",
          "mention": " Please mention My Owner",
          "title": "sɪɢᴍᴀ ᴹᴰ",
          "theme": "Friday",
          "footer": "ᴍᴀʜᴇʀ ᴢᴜʙᴀɪʀ\nwww.youtube.com",
          "by": "Made by: ᴍᴀʜᴇʀ ᴢᴜʙᴀɪʀ",
          "chat_desc": "Options Avilable* : 1. mute\n2. unmute\n3. archive\n4. unarchive\n5. read\n6. unread\n7. delete",
          "success": "Done ✓",
          "dot": "Hi, Did you mean *-help?*\n just.. don't bother me while I'm eating MF",
          "couple_male": "*I'm pretty sure I can't live without being helped!*",
          "couple_female": "*I'm pretty sure I can't live without being helped!*",
          "admin": "ᴛʜɪs ᴄᴏᴍᴍᴀɴᴅ ɪs ᴏɴʟʏ ғᴏʀ ɢʀᴏᴜᴘ ᴀᴅᴍɪɴ!",
          "botAdmin": "ᴘʟᴇᴀsᴇ ᴘʀᴏᴠɪᴅᴇ ᴍᴇ ᴀᴅᴍɪɴ ʀᴏʟᴇ.!",
          "owner": "ᴛʜɪs ᴄᴏᴍᴍᴀɴᴅ ɪs ᴏɴʟʏ ғᴏʀ ᴍʏ ᴏᴡɴᴇʀ!",
          "group": "ᴛʜɪs ғᴇᴀᴛᴜʀᴇ ɪs ᴏɴʟʏ ғᴏʀ ɢʀᴏᴜᴘ!",
          "private": "ᴛʜɪs ғᴇᴀᴛᴜʀᴇ ɪs ᴏɴʟʏ ғᴏʀ ᴍʏ ᴏᴡɴᴇʀ!",
          "bot": "ᴛʜɪs ᴄᴏᴍᴍᴀɴᴅ ɪs ᴏɴʟʏ ғᴏʀ ᴍʏ ᴏᴡɴᴇʀ!",
          "wait": "ᴘʀᴏᴄᴇssɪɴɢ ʏᴏᴜʀ ʀᴇᴏ̨ᴜᴇsᴛ"
      },
      "error": {
          "text": "*_You Idiot tried To Edit ME_*\nNow go get this Error fixed*"
      }
  }
}
