{
    "__JSON__": true,
    "AUTHOR": "Maher Zubair",
    "theme": "MoMoLunD",
    "LANGUAGE": "English",
    "LANGCODE": "en",
    "STRINGS": { 
        "updater": {
            "UPDATE": "*_Your bot is Already up-to-date_*",
            "NEW_UPDATE": "*it's time to update the bot!*\n*Changes:*\n",
            "UPDATED_LOCAL": "*Updated Successfully !*"
        },
        "global": {
            "botName": " SIGMA-MD",
            "body": "whatsapp Bot",
            "greet2" : "Thanks To Maher Zubair",
            "pic1": "https://telegra.ph/file/cc62408862488b7c71a4d.jpg", 
            "pic2": "https://telegra.ph/file/8ff6a1c5feecc10af3038.jpg", 
            "pic3": "https://telegra.ph/file/41016c5d9f4c74c03455f.jpg", 
            "pic4": "https://telegra.ph/file/c27f30e6dda46227355ca.jpg", 
            "pic5": "https://telegra.ph/file/30017f03ff9f265365d38.jpg", 
            "pic6": "https://telegra.ph/file/835dd5ffdc52e2937b757.jpg",
            "pic7": "https://telegra.ph/file/399f76c083c355a08b4bf.jpg",
            "pic8": "https://telegra.ph/file/c1e09c59c42f8ca84437f.jpg",
            "pic9": "https://telegra.ph/file/188d96ca74099ed103d01.jpg",
            "pic10": "https://telegra.ph/file/6039f2c975c2fa49b7a52.jpg",
            "greet" : "Believe it",
            "dotbody" : "I decided being to be King.",
            "emojii" : "👑",
            "promote": "Admin Role Given to Zubi",
            "pmallow": "*Hi,This is Maher Zubair\n You have been blocked for spamming.",
            "pmwarn": "Hi* \nPlease don't spam else I'll block you for spamming.\nJoin Support Group:\n https://chat.whatsapp.com/JM1yBMlveulDrAN22jHcWV\n*⤹★ᴘᴏᴡᴇʀᴇᴅ ʙʏ★⤸ sɪɢᴍᴀ ᴹᴰ*",
            "permited": "Hi\n\nNow You are permitted by my owner to pm now.\n*⤹★ᴘᴏᴡᴇʀᴇᴅ ʙʏ★⤸ sɪɢᴍᴀ ᴹᴰ*", 
            "revoked" : "*Hi*\nYour pm permit permission has been revoked now.\n*⤹★ᴘᴏᴡᴇʀᴇᴅ ʙʏ★⤸ sɪɢᴍᴀ ᴹᴰ*",
            "demote": "Admin Role Taken back",
            "antlink": "Link Detected.\n*_Good Bye IDiot_*",
            "session": "*This is your session.json,keep it safe*\n*_Now Upload This json file in Your Forked Repo_*\n Connect your repo to Heroku and *Deploy Branch* and Bot will run for Always\n\n*⤹★ᴘᴏᴡᴇʀᴇᴅ ʙʏ★⤸ sɪɢᴍᴀ ᴹᴰ*",
            "mention": " Please mention My Owner",
            "title": "sɪɢᴍᴀ ᴹᴰ",
            "theme": "MoMoLunD",
            "footer": "ᴍᴀʜᴇʀ ᴢᴜʙᴀɪʀ\nwww.youtube.com",
            "by": "Made by: ᴍᴀʜᴇʀ ᴢᴜʙᴀɪʀ",
            "chat_desc": "Options Avilable* : 1. mute\n2. unmute\n3. archive\n4. unarchive\n5. read\n6. unread\n7. delete",
            "success": "Done ✓",
            "dot": "Hi, Did you mean *-help?*\n just.. don't bother me while I'm eating MF",
            "couple_male": "*I'm pretty sure I can't live without being helped!*",
            "couple_female": "*I'm pretty sure I can't live without being helped!*",
            "admin": "ᴛʜɪs ᴄᴏᴍᴍᴀɴᴅ ɪs ᴏɴʟʏ ғᴏʀ ɢʀᴏᴜᴘ ᴀᴅᴍɪɴ!",
            "botAdmin": "ᴘʟᴇᴀsᴇ ᴘʀᴏᴠɪᴅᴇ ᴍᴇ ᴀᴅᴍɪɴ ʀᴏʟᴇ.!",
            "owner": "ᴛʜɪs ᴄᴏᴍᴍᴀɴᴅ ɪs ᴏɴʟʏ ғᴏʀ ᴍʏ ᴏᴡɴᴇʀ!",
            "group": "ᴛʜɪs ғᴇᴀᴛᴜʀᴇ ɪs ᴏɴʟʏ ғᴏʀ ɢʀᴏᴜᴘ!",
            "private": "ᴛʜɪs ғᴇᴀᴛᴜʀᴇ ɪs ᴏɴʟʏ ғᴏʀ ᴍʏ ᴏᴡɴᴇʀ!",
            "bot": "ᴛʜɪs ᴄᴏᴍᴍᴀɴᴅ ɪs ᴏɴʟʏ ғᴏʀ ᴍʏ ᴏᴡɴᴇʀ!",
            "wait": "ᴘʀᴏᴄᴇssɪɴɢ ʏᴏᴜʀ ʀᴇᴏ̨ᴜᴇsᴛ"
        },
        "error": {
            "text": "*_You Idiot tried To Edit ME_*\nNow go get this Error fixed*"
        }
    }
  }
  