{
  "__JSON__": true,
  "AUTHOR": "Maher Zubair",
  "theme": "Naruto",
  "LANGUAGE": "English",
  "LANGCODE": "en",
  "STRINGS": {
      "updater": {
          "UPDATE": "*_Your bot is Already up-to-date_*",
          "NEW_UPDATE": "*it's time to update the bot!*\n*Changes:*\n",
          "UPDATED_LOCAL": "*Updated Successfully !*"
      },
      "global": { 
          "botName": " SIGMA-MD",
          "body": "whatsapp Bot",
          "greet2" : "Thanks To Maher Zubair",
          "pic1": "https://i.pinimg.com/originals/d9/41/8b/d9418bc48ce0520e7cc96de465fe8fff.jpg",
          "pic2": "https://4kwallpapers.com/images/wallpapers/naruto-digital-art-black-background-amoled-3840x2160-5056.png",
          "pic3": "https://wallpapercave.com/wp/wp5308812.jpg",
          "pic4": "https://www.whatspaper.com/wp-content/uploads/2022/05/hd-naruto-wallpaper-whatspaper-25.jpg",
          "pic5": "https://encrypted-tbn0.gstatic.com/images?q=tbn:ANd9GcQ1VwQOTD6uVyD0q2t2Wm7zjsKafXzDxeAffQ&usqp=CAU",
          "pic6": "https://1.bp.blogspot.com/-RyV9J0B2Myw/YGk4E7liJNI/AAAAAAAAR5Q/YKOnZN_H_5ALufwy18u-aE4WWe8BHPV8wCLcBGAsYHQ/s600/Naruto.jpeg",
          "pic7": "https://i.pinimg.com/originals/02/07/94/020794d07925b51b3f219f2639e56214.jpg",
          "pic8": "https://encrypted-tbn0.gstatic.com/images?q=tbn:ANd9GcQ1VwQOTD6uVyD0q2t2Wm7zjsKafXzDxeAffQ&usqp=CAU",
          "pic9": "https://1.bp.blogspot.com/-RyV9J0B2Myw/YGk4E7liJNI/AAAAAAAAR5Q/YKOnZN_H_5ALufwy18u-aE4WWe8BHPV8wCLcBGAsYHQ/s600/Naruto.jpeg",
          "pic10": "https://i.pinimg.com/originals/02/07/94/020794d07925b51b3f219f2639e56214.jpg",
          "greet" : "Believe it",
          "dotbody" : "I decided being to be King.",
          "emojii" : "👑",
          "promote": "Admin Role Given to Zubi",
          "pmallow": "*Hi,This is Maher Zubair\n You have been blocked for spamming.",
          "pmwarn": "Hi* \nPlease don't spam else I'll block you for spamming.\nJoin Support Group:\n https://chat.whatsapp.com/JM1yBMlveulDrAN22jHcWV\n*⤹★ᴘᴏᴡᴇʀᴇᴅ ʙʏ★⤸ sɪɢᴍᴀ ᴹᴰ*",
          "permited": "Hi\n\nNow You are permitted by my owner to pm now.\n*⤹★ᴘᴏᴡᴇʀᴇᴅ ʙʏ★⤸ sɪɢᴍᴀ ᴹᴰ*", 
          "revoked" : "*Hi*\nYour pm permit permission has been revoked now.\n*⤹★ᴘᴏᴡᴇʀᴇᴅ ʙʏ★⤸ sɪɢᴍᴀ ᴹᴰ*",
          "demote": "Admin Role Taken back",
          "antlink": "Link Detected.\n*_Good Bye IDiot_*",
          "session": "*This is your session.json,keep it safe*\n*_Now Upload This json file in Your Forked Repo_*\n Connect your repo to Heroku and *Deploy Branch* and Bot will run for Always\n\n*⤹★ᴘᴏᴡᴇʀᴇᴅ ʙʏ★⤸ sɪɢᴍᴀ ᴹᴰ*",
          "mention": " Please mention My Owner",
          "title": "sɪɢᴍᴀ ᴹᴰ",
          "theme": "Naruto",
          "footer": "ᴍᴀʜᴇʀ ᴢᴜʙᴀɪʀ\nwww.youtube.com",
          "by": "Made by: ᴍᴀʜᴇʀ ᴢᴜʙᴀɪʀ",
          "chat_desc": "Options Avilable* : 1. mute\n2. unmute\n3. archive\n4. unarchive\n5. read\n6. unread\n7. delete",
          "success": "Done ✓",
          "dot": "Hi, Did you mean *-help?*\n just.. don't bother me while I'm eating MF",
          "couple_male": "*I'm pretty sure I can't live without being helped!*",
          "couple_female": "*I'm pretty sure I can't live without being helped!*",
          "admin": "ᴛʜɪs ᴄᴏᴍᴍᴀɴᴅ ɪs ᴏɴʟʏ ғᴏʀ ɢʀᴏᴜᴘ ᴀᴅᴍɪɴ!",
          "botAdmin": "ᴘʟᴇᴀsᴇ ᴘʀᴏᴠɪᴅᴇ ᴍᴇ ᴀᴅᴍɪɴ ʀᴏʟᴇ.!",
          "owner": "ᴛʜɪs ᴄᴏᴍᴍᴀɴᴅ ɪs ᴏɴʟʏ ғᴏʀ ᴍʏ ᴏᴡɴᴇʀ!",
          "group": "ᴛʜɪs ғᴇᴀᴛᴜʀᴇ ɪs ᴏɴʟʏ ғᴏʀ ɢʀᴏᴜᴘ!",
          "private": "ᴛʜɪs ғᴇᴀᴛᴜʀᴇ ɪs ᴏɴʟʏ ғᴏʀ ᴍʏ ᴏᴡɴᴇʀ!",
          "bot": "ᴛʜɪs ᴄᴏᴍᴍᴀɴᴅ ɪs ᴏɴʟʏ ғᴏʀ ᴍʏ ᴏᴡɴᴇʀ!",
          "wait": "ᴘʀᴏᴄᴇssɪɴɢ ʏᴏᴜʀ ʀᴇᴏ̨ᴜᴇsᴛ"
      },
      "error": {
          "text": "*_You Idiot tried To Edit ME_*\nNow go get this Error fixed*"
      }
  }
}
