{"_sessions":{"Bc8j/eOAI+pGA1bSdyejhWZ0+VtLe1creVaMGbc3zlUH":{"registrationId":969674358,"currentRatchet":{"ephemeralKeyPair":{"pubKey":"BTBdceuxJkbwaKRWzEL5He94woXGoVrg1kEGGYagdNMq","privKey":"OPfI7bFkwQr5zzWoEHvrUbcYJhCFhR6OuSqp443YoFs="},"lastRemoteEphemeralKey":"BcOHo3WmdphjeTMx9qmXlkOfOXtEvBdS154XdYfdLrhR","previousCounter":0,"rootKey":"ehHeyGoSP2pCiY4YykZk1KJKNRF6Kr3L+VCzrqhhkAY="},"indexInfo":{"baseKey":"Bc8j/eOAI+pGA1bSdyejhWZ0+VtLe1creVaMGbc3zlUH","baseKeyType":2,"closed":-1,"used":1695133586675,"created":1695133586675,"remoteIdentityKey":"BWMgwdd1W5s43Qh8y1+IewGLqu7KUwpekeZtwuzkOKB1"},"_chains":{"BcOHo3WmdphjeTMx9qmXlkOfOXtEvBdS154XdYfdLrhR":{"chainKey":{"counter":3,"key":"xKaIA4mxQiWU5CexIN/50xY3jtc1ZTm0+mfvobGkvMI="},"chainType":2,"messageKeys":{}},"BTBdceuxJkbwaKRWzEL5He94woXGoVrg1kEGGYagdNMq":{"chainKey":{"counter":-1,"key":"R61xjZj6NX/vHlznPKacRaGDHTTFtgPM0q6xGCaguzw="},"chainType":1,"messageKeys":{}}}}},"version":"v1"}