{"_sessions":{"BdmXuEDZgcvDqwbEgzWqintLnSPbVuPHqLKqSGumwNwC":{"registrationId":453540084,"currentRatchet":{"ephemeralKeyPair":{"pubKey":"BT8z1l541pXpCQdCiUZ+Zqn/gI9OLGWRSSrDQWnjPKFh","privKey":"EIUV1Y/2Iv7z7HFCsjytzj5ETX7vunJvDOPV/XU59UY="},"lastRemoteEphemeralKey":"Bbwtc1erGyY0zFvSFPi2HfvUHz3npWbe7gZcsqz/2Rca","previousCounter":0,"rootKey":"VsAzpbzGcSKrNSGADIWQKXnRjpP84VsoCRYfVcGNB2Q="},"indexInfo":{"baseKey":"BdmXuEDZgcvDqwbEgzWqintLnSPbVuPHqLKqSGumwNwC","baseKeyType":1,"closed":-1,"used":1695133765282,"created":1695133765282,"remoteIdentityKey":"BRJhTtyENfuBnvCe10hnqES9Lst8v42MGCCSljEuXR07"},"_chains":{"BT8z1l541pXpCQdCiUZ+Zqn/gI9OLGWRSSrDQWnjPKFh":{"chainKey":{"counter":0,"key":"88J/HT6jAph7bvH2xh6maAk/zR4bzSE/5fXiA7Z7SJA="},"chainType":1,"messageKeys":{}}},"pendingPreKey":{"signedKeyId":3,"baseKey":"BdmXuEDZgcvDqwbEgzWqintLnSPbVuPHqLKqSGumwNwC","preKeyId":16022738}}},"version":"v1"}