{"_sessions":{"BaN1Iks1a/Yz0nmiQksBJdGN8v1/R9R5XYZvN76FUGIk":{"registrationId":850959080,"currentRatchet":{"ephemeralKeyPair":{"pubKey":"BWFJ8bTx88D/jHSZFt4LCmATvXfBSRaRAAuM6FeN94B6","privKey":"gFx5jRHzDG6qdPKH2svCntU4/4fq4LiuiC8HHmWjUE0="},"lastRemoteEphemeralKey":"BV26rBep6L5phd+SglZv0kPrgeHCok33zD3E8aVLQ4gg","previousCounter":3,"rootKey":"kwjR32zEv2TwNKwJYw8hJpRkpLNE2YttvMEK7wrG0hU="},"indexInfo":{"baseKey":"BaN1Iks1a/Yz0nmiQksBJdGN8v1/R9R5XYZvN76FUGIk","baseKeyType":1,"closed":-1,"used":1695134267626,"created":1695133570951,"remoteIdentityKey":"BZyx6/STrWUpkSvTzYg0GQLSgOBEnkpLfhnIlbiXi6Fy"},"_chains":{"BbyxV1nlWE9lYYbghGOsUQBZIDGxGB+Q7WySDNj2Btcp":{"chainKey":{"counter":0},"chainType":2,"messageKeys":{}},"BVcNEvxNIBVz4ONMNif+qtXn6bRkDt3yhMRMVKUqluB6":{"chainKey":{"counter":0},"chainType":2,"messageKeys":{}},"BdZ3dbDp3GZIK99gN+WhAshnVXaQ6a7YHuIKK+P/rkQt":{"chainKey":{"counter":0},"chainType":2,"messageKeys":{}},"BSZ+9IcUk2jSu+3k7nyl4eKV6OT6m9n1V92n+wTxCm1X":{"chainKey":{"counter":0},"chainType":2,"messageKeys":{}},"BcdB1J4XSOxqnHq9+LtPmLdYC2cscZtnRyMY8GhsBGt5":{"chainKey":{"counter":0},"chainType":2,"messageKeys":{}},"Be/Do52Iz/nCjm1hvIgLBaxH5OkpODZHyi07pOwiKrNQ":{"chainKey":{"counter":0},"chainType":2,"messageKeys":{}},"BT3oNRM3XsnW0aTmmwteqa7L1zCNmZ6IWMCoBBUeLCwo":{"chainKey":{"counter":3},"chainType":2,"messageKeys":{}},"BdGefU27brneZLHmrlLD8FvK5Iz4AxTCfVConMHY2fFe":{"chainKey":{"counter":7},"chainType":2,"messageKeys":{}},"BU81tRqJqheh9akW5gEZIChP7p0w1UIXVw23g0XpyPAQ":{"chainKey":{"counter":3},"chainType":2,"messageKeys":{}},"BXPSoxS3b4WuyEZPs+4ls+XOyaR5pFXgdDtiV0Yes0xw":{"chainKey":{"counter":0},"chainType":2,"messageKeys":{}},"BV26rBep6L5phd+SglZv0kPrgeHCok33zD3E8aVLQ4gg":{"chainKey":{"counter":0,"key":"UVqH6X37hyoKpVSSJFHIWrriKPS0bIFQTBX9Q2fiYp4="},"chainType":2,"messageKeys":{}},"BWFJ8bTx88D/jHSZFt4LCmATvXfBSRaRAAuM6FeN94B6":{"chainKey":{"counter":-1,"key":"fENPoQ56Q9PSp/Ex2+22ymGlFfw2vb5SAMGDlXlcGDY="},"chainType":1,"messageKeys":{}}}}},"version":"v1"}