[
{"SIGMA_MD":"https://i.pinimg.com/originals/ea/5a/7d/ea5a7dc4f1bde81a58e80401ff4f12cd.jpg"},
{"SIGMA_MD":"https://i.pinimg.com/originals/3a/73/b9/3a73b96cdee19beac23f54a812d655c7.jpg"},
{"SIGMA_MD":"https://i.pinimg.com/originals/bb/b6/03/bbb603d4c21ba7acf3efa18863cf86d4.jpg"},
{"SIGMA_MD":"https://i.pinimg.com/originals/0c/3a/ef/0c3aef067d4564574845797e3e4dadd9.jpg"},
{"SIGMA_MD":"https://i.pinimg.com/564x/f6/c5/41/f6c54181a62f10e93f94ed36b33262d2.jpg"},
{"SIGMA_MD":"https://i.pinimg.com/originals/23/e7/c3/23e7c323a1eca103f244ad917cb25fcc.jpg"},
{"SIGMA_MD":"https://i.pinimg.com/736x/df/21/35/df21357b5c2845b8e974d289694ca41b--mobil-keren.jpg"},
{"SIGMA_MD":"https://i.pinimg.com/originals/ca/f2/78/caf27812b5ba40ec10cd9313eae6dbf7.jpg"},
{"SIGMA_MD":"https://i.pinimg.com/originals/ed/9c/75/ed9c75b0bb6911a0bb6526a674d12c56.jpg"},
{"SIGMA_MD":"https://i.pinimg.com/originals/08/ce/e5/08cee542cc47dac614ab3c52410ff298.jpg"},
{"SIGMA_MD":"https://i.pinimg.com/736x/02/c2/41/02c241447e96ae226fbc8878e84315d3.jpg"},
{"SIGMA_MD":"https://i.pinimg.com/originals/7b/05/99/7b0599fb23e2cdea48b6bfdf8d007dbd.jpg"},
{"SIGMA_MD":"https://i.pinimg.com/originals/9e/4e/02/9e4e021d13393da1f4c7950a476ddf8c.png"},
{"SIGMA_MD":"https://i.pinimg.com/originals/e0/a7/ff/e0a7ff3d8ce9a1ac095ac128cb8fe1c9.jpg"},
{"SIGMA_MD":"https://i.pinimg.com/originals/63/f2/71/63f2712f4d5476b136a4bd32dac1dae6.jpg"},
{"SIGMA_MD":"https://i.pinimg.com/originals/30/7b/58/307b581983d1906c179056091ad31548.jpg"},
{"SIGMA_MD":"https://i.pinimg.com/originals/c2/2b/36/c22b36f4ea6b0646fafad52174e1eb86.jpg"},
{"SIGMA_MD":"https://i.pinimg.com/originals/e4/f3/18/e4f318e0233924a3800ba40139c0e2f1.jpg"},
{"SIGMA_MD":"https://i.pinimg.com/originals/a4/7a/f2/a47af241ae7493540ec5732f337b84ff.jpg"},
{"SIGMA_MD":"https://i.pinimg.com/474x/0e/62/06/0e6206855b1fa00207f9bbc01d6a372e.jpg"},
{"SIGMA_MD":"https://i.pinimg.com/originals/46/5e/71/465e71c2bc907a211085c7c8187cbef2.jpg"},
{"SIGMA_MD":"https://i.pinimg.com/originals/63/7e/7f/637e7f7c138c48cf7f3c68f665165341.jpg"},
{"SIGMA_MD":"https://i.pinimg.com/originals/c4/f6/a9/c4f6a9f5a1078a7aefd65f5f1fe5c3d9.jpg"},
{"SIGMA_MD":"https://i.pinimg.com/originals/89/d4/85/89d4858e745271206e07e90bd747b61c.jpg"},
{"SIGMA_MD":"https://i.pinimg.com/originals/60/17/0a/60170abda80e7200d44ea788055c33a5.jpg"},
{"SIGMA_MD":"https://i.pinimg.com/originals/dc/bd/29/dcbd299721e10cd204f4cab7819815cf.jpg"},
{"SIGMA_MD":"https://i.pinimg.com/564x/8f/53/77/8f53779d3bafba498df458177d0507bc.jpg"},
{"SIGMA_MD":"https://i.pinimg.com/736x/03/81/93/038193762acc79c1130507a97bb9fd21.jpg"},
{"SIGMA_MD":"https://i.pinimg.com/originals/c6/1a/e5/c61ae5bf747f10ce486f32974fb7b536.jpg"},
{"SIGMA_MD":"https://i.pinimg.com/originals/cf/d3/70/cfd370c85a27eaba5a7df544bd8f623f.jpg"},
{"SIGMA_MD":"https://i.pinimg.com/originals/af/93/db/af93db835e083239c8c5f617e2425674.jpg"},
{"SIGMA_MD":"https://i.pinimg.com/736x/33/7b/38/337b38e2e555d80906da6e216006dcf9.jpg"},
{"SIGMA_MD":"https://i.pinimg.com/736x/ba/af/f0/baaff0bfd490461799771aea66e2de47--mobil-keren-mobil-sport.jpg"},
{"SIGMA_MD":"https://i.pinimg.com/originals/50/12/45/5012456bf1a76e306c93f9c21bfe9f45.jpg"},
{"SIGMA_MD":"https://i.pinimg.com/originals/1f/77/82/1f7782fc63bdb3f2c74b3091f80dd9d8.jpg"},
{"SIGMA_MD":"https://i.pinimg.com/originals/72/68/63/726863e58c653912257918a92bc72f79.jpg"},
{"SIGMA_MD":"https://i.pinimg.com/originals/2d/46/66/2d466649510b276d54f3fa47ce8bddf2.jpg"},
{"SIGMA_MD":"https://i.pinimg.com/originals/63/25/fe/6325fe46b2ab276855b0f14ef2c84793.jpg"},
{"SIGMA_MD":"https://i.pinimg.com/originals/30/b2/36/30b23623de78261a2ec6e55e65e43de9.jpg"},
{"SIGMA_MD":"https://i.pinimg.com/originals/0c/ec/b5/0cecb53bd2356f0b5187056947eeccbf.jpg"},
{"SIGMA_MD":"https://i.pinimg.com/originals/04/aa/b7/04aab759dfd440c802572e7a01aef915.jpg"},
{"SIGMA_MD":"https://i.pinimg.com/600x315/91/73/a0/9173a057b192b1b0a5037a601ee040a8.jpg"},
{"SIGMA_MD":"https://i.pinimg.com/originals/c1/6d/80/c16d80605bb680db15a357db84eeb0ee.jpg"},
{"SIGMA_MD":"https://i.pinimg.com/474x/0e/5a/81/0e5a81fd166d2d86bdb4484a44d34fe1--car-wallpapers-hd-wallpaper.jpg"},
{"SIGMA_MD":"https://i.pinimg.com/236x/6f/98/a3/6f98a3d6fd4c5dc17978f383e1738fc2.jpg"},
{"SIGMA_MD":"https://i.pinimg.com/originals/ca/df/69/cadf6964a715625cf3b2071961270277.jpg"},
{"SIGMA_MD":"https://i.pinimg.com/736x/fb/f5/cc/fbf5cc988a92bfc757bbebb1d210edc8.jpg"},
{"SIGMA_MD":"https://i.pinimg.com/originals/a7/e5/a5/a7e5a501eade964194cb94069540d4df.jpg"},
{"SIGMA_MD":"https://i.pinimg.com/originals/48/90/5b/48905b6d8081b2722ffcc5fca0f32afe.jpg"},
{"SIGMA_MD":"https://i.pinimg.com/736x/34/f8/5d/34f85d2571bd6f53436c3423a1346524.jpg"},
{"SIGMA_MD":"https://i.pinimg.com/originals/63/f0/05/63f005e127b19797e46cc4ead33968b3.jpg"},
{"SIGMA_MD":"https://i.pinimg.com/originals/c1/69/37/c169376bbbcbe3aea57f8fd2bacdebfc.jpg"},
{"SIGMA_MD":"https://i.pinimg.com/236x/7b/7d/d5/7b7dd59c686215a184c84cd2368276d4.jpg"},
{"SIGMA_MD":"https://i.pinimg.com/originals/20/7a/3c/207a3c024b8ef4373a3be36e5c5da041.jpg"},
{"SIGMA_MD":"https://i.pinimg.com/originals/53/f2/d7/53f2d73d842ba47d92b56fb2013386fb.jpg"},
{"SIGMA_MD":"https://i.pinimg.com/736x/5e/06/43/5e064381e46a070e663b3af5fba2bb72.jpg"},
{"SIGMA_MD":"https://i.pinimg.com/originals/4b/f7/90/4bf7905d79dc45c9febe3ccef246b85e.jpg"},
{"SIGMA_MD":"https://i.pinimg.com/564x/f1/0d/d8/f10dd8601e9022f7d711245a740e1d9f.jpg"},
{"SIGMA_MD":"https://i.pinimg.com/originals/2b/73/43/2b7343e396c5d36ede35c8f71ca3ee87.jpg"},
{"SIGMA_MD":"https://i.pinimg.com/originals/f6/75/f0/f675f0d9b3ae2a9899776eba4dee94bd.jpg"},
{"SIGMA_MD":"https://i.pinimg.com/originals/71/5e/2a/715e2a48487dc97c85ea82f3078b9a59.jpg"},
{"SIGMA_MD":"https://i.pinimg.com/originals/2a/fa/f3/2afaf3ae84e42793672cba81d73267f8.jpg"},
{"SIGMA_MD":"https://i.pinimg.com/originals/a2/b0/9c/a2b09c01e86802f4245d7f96dd635a72.jpg"},
{"SIGMA_MD":"https://i.pinimg.com/564x/ee/c0/cd/eec0cd7af4c6e72850e186afc2da23dd.jpg"},
{"SIGMA_MD":"https://i.pinimg.com/originals/42/68/05/426805ce1870c13fe822afd55a0c99ca.jpg"},
{"SIGMA_MD":"https://i.pinimg.com/originals/9d/dd/d9/9dddd9ac560ca8e6064329743f3ef1cf.jpg"},
{"SIGMA_MD":"https://i.pinimg.com/originals/5b/a9/b1/5ba9b1b2d9bc4db91643d4c9f656e08e.jpg"},
{"SIGMA_MD":"https://i.pinimg.com/videos/thumbnails/originals/66/cb/01/66cb0163710724dcf5fbf20f431f76b3-00001.jpg"},
{"SIGMA_MD":"https://i.pinimg.com/originals/97/4a/d4/974ad4b9fc4b94121d1d51e74132ddb3.jpg"},
{"SIGMA_MD":"https://i.pinimg.com/originals/79/85/49/7985499ddbb9e7fb7f3d5ce50603d90e.jpg"},
{"SIGMA_MD":"https://i.pinimg.com/originals/ec/9c/06/ec9c06987d06c75867aceb03b295544a.jpg"},
{"SIGMA_MD":"https://i.pinimg.com/originals/ea/33/75/ea33759c6b6d6f0a647fb8b9b69e3ed2.jpg"},
{"SIGMA_MD":"https://i.pinimg.com/originals/7d/f4/94/7df494143d0e7a6abf0f2c88904c0bca.jpg"},
{"SIGMA_MD":"https://i.pinimg.com/originals/9d/6f/ad/9d6fadd226ec45272d4030644d51f48e.jpg"},
{"SIGMA_MD":"https://i.pinimg.com/736x/bd/db/69/bddb690d7a21ad0e1a3b8cee9e6ca446--mobil-keren-via.jpg"},
{"SIGMA_MD":"https://i.pinimg.com/originals/e5/a1/4a/e5a14a5291d0214e2c39c59832b9de63.jpg"},
{"SIGMA_MD":"https://i.pinimg.com/originals/30/92/39/309239adf1e7034bc7384a81d651ce0d.jpg"},
{"SIGMA_MD":"https://i.pinimg.com/originals/aa/e5/44/aae544cea8cab700c3c82156256c7d78.jpg"},
{"SIGMA_MD":"https://i.pinimg.com/originals/66/4b/1d/664b1d405a38bc9ac5bff16833c13c10.jpg"},
{"SIGMA_MD":"https://i.pinimg.com/originals/47/d8/88/47d8884e13f4272226483e0e464119ff.jpg"},
{"SIGMA_MD":"https://i.pinimg.com/736x/a1/e3/41/a1e341f088bafb0cf5a1198e618552e8--mobil-keren-bug.jpg"},
{"SIGMA_MD":"https://i.pinimg.com/736x/3d/c4/bf/3dc4bf8e39f53bcb6c82949fbe443a73.jpg"},
{"SIGMA_MD":"https://i.pinimg.com/originals/e6/c0/f5/e6c0f59134c6f725cf7b2734f17575f0.jpg"},
{"SIGMA_MD":"https://i.pinimg.com/originals/ce/2e/1d/ce2e1d84bcf75ac2d046239883cdc50f.jpg"},
{"SIGMA_MD":"https://i.pinimg.com/originals/4e/5f/a0/4e5fa0a36042494994841f9bbf83a940.jpg"},
{"SIGMA_MD":"https://i.pinimg.com/originals/5c/78/c7/5c78c7043fbcb20587d9e71d2bb4f68b.jpg"},
{"SIGMA_MD":"https://i.pinimg.com/736x/f5/19/0e/f5190e3c82b75773a1039a7d9b612091.jpg"},
{"SIGMA_MD":"https://i.pinimg.com/736x/06/33/8e/06338e613ef17cca00d1c385b91937f3.jpg"},
{"SIGMA_MD":"https://i.pinimg.com/736x/18/9c/31/189c31395b6a9ab188b636b19ab6c979.jpg"},
{"SIGMA_MD":"https://i.pinimg.com/564x/26/dd/8c/26dd8c80b8f8b8a3067802f5ae656b54.jpg"},
{"SIGMA_MD":"https://i.pinimg.com/originals/18/dd/63/18dd6371ba151be7c10651cfb3acb1dd.jpg"},
{"SIGMA_MD":"https://i.pinimg.com/originals/cd/a1/d0/cda1d0e1366f7d099126e5eb243d1593.jpg"},
{"SIGMA_MD":"https://i.pinimg.com/originals/4e/95/59/4e9559c62c077fbd472f271e4d3d430d.jpg"},
{"SIGMA_MD":"https://i.pinimg.com/originals/55/71/00/557100ca5d64e0496f35e0e1cf7f5fb3.jpg"},
{"SIGMA_MD":"https://i.pinimg.com/originals/88/c8/d3/88c8d30ff5028208e22a7e871d75adb3.jpg"},
{"SIGMA_MD":"https://i.pinimg.com/originals/f4/93/18/f49318b6dcd66d0c615e50ba97fee185.jpg"},
{"SIGMA_MD":"https://i.pinimg.com/originals/59/3b/39/593b390e0f1afb0298a4bf8af8d241c1.jpg"},
{"SIGMA_MD":"https://i.pinimg.com/originals/79/9c/03/799c03c9e9ef944f1c84cfa900609e95.jpg"},
{"SIGMA_MD":"https://i.pinimg.com/564x/d4/84/40/d48440811a4b9e03997ce166874b04ba.jpg"},
{"SIGMA_MD":"https://i.pinimg.com/originals/2a/58/1a/2a581ab0756c556e248ed2cd8fb21fc5.jpg"}
]